{"errors":[],"warnings":[],"namedChunkGroups":{"app":{"chunks":[15,5],"assets":["webpack-runtime-89b3e9f21c8bd032ca33.js","webpack-runtime-89b3e9f21c8bd032ca33.js.map","app-8e3d2f572784382e635f.js","app-8e3d2f572784382e635f.js.map"],"children":{},"childAssets":{}},"component---src-pages-404-js":{"chunks":[0,2,6],"assets":["0-68e99ef0cc28d17376eb.js","0-68e99ef0cc28d17376eb.js.map","2-57db758b9c2ae93e19e9.js","2-57db758b9c2ae93e19e9.js.map","component---src-pages-404-js.eee17083ab737b607497.css","component---src-pages-404-js-ed2d0bcbd8312804a400.js","component---src-pages-404-js-ed2d0bcbd8312804a400.js.map"],"children":{},"childAssets":{}},"component---src-pages-blog-js":{"chunks":[0,1,7],"assets":["0-68e99ef0cc28d17376eb.js","0-68e99ef0cc28d17376eb.js.map","1.9cda76730c110765b5f9.css","1-76aadfb7b83f4a8f9aca.js","1-76aadfb7b83f4a8f9aca.js.map","component---src-pages-blog-js.b09c8c9e79364f2813dc.css","component---src-pages-blog-js-6fde376a882c3644f89a.js","component---src-pages-blog-js-6fde376a882c3644f89a.js.map"],"children":{},"childAssets":{}},"component---src-pages-crossfit-js":{"chunks":[0,1,2,4,8],"assets":["0-68e99ef0cc28d17376eb.js","0-68e99ef0cc28d17376eb.js.map","1.9cda76730c110765b5f9.css","1-76aadfb7b83f4a8f9aca.js","1-76aadfb7b83f4a8f9aca.js.map","2-57db758b9c2ae93e19e9.js","2-57db758b9c2ae93e19e9.js.map","4.4132558ebab16cf267e8.css","4-98f3ee9248b6a6e88417.js","4-98f3ee9248b6a6e88417.js.map","component---src-pages-crossfit-js.f1a633b902a6418828a0.css","component---src-pages-crossfit-js-be3a2cb8ea9b87c166ef.js","component---src-pages-crossfit-js-be3a2cb8ea9b87c166ef.js.map"],"children":{},"childAssets":{}},"component---src-pages-get-started-js":{"chunks":[0,1,4,9],"assets":["0-68e99ef0cc28d17376eb.js","0-68e99ef0cc28d17376eb.js.map","1.9cda76730c110765b5f9.css","1-76aadfb7b83f4a8f9aca.js","1-76aadfb7b83f4a8f9aca.js.map","4.4132558ebab16cf267e8.css","4-98f3ee9248b6a6e88417.js","4-98f3ee9248b6a6e88417.js.map","component---src-pages-get-started-js.cbf122885cbce3cdd49b.css","component---src-pages-get-started-js-dbda7ac8b51990e42c8d.js","component---src-pages-get-started-js-dbda7ac8b51990e42c8d.js.map"],"children":{},"childAssets":{}},"component---src-pages-index-js":{"chunks":[0,1,2,4,10],"assets":["0-68e99ef0cc28d17376eb.js","0-68e99ef0cc28d17376eb.js.map","1.9cda76730c110765b5f9.css","1-76aadfb7b83f4a8f9aca.js","1-76aadfb7b83f4a8f9aca.js.map","2-57db758b9c2ae93e19e9.js","2-57db758b9c2ae93e19e9.js.map","4.4132558ebab16cf267e8.css","4-98f3ee9248b6a6e88417.js","4-98f3ee9248b6a6e88417.js.map","component---src-pages-index-js.56c7dff4354b52f85371.css","component---src-pages-index-js-deefaf4a147222ed4e98.js","component---src-pages-index-js-deefaf4a147222ed4e98.js.map"],"children":{},"childAssets":{}},"component---src-pages-nutrition-js":{"chunks":[0,1,3,11],"assets":["0-68e99ef0cc28d17376eb.js","0-68e99ef0cc28d17376eb.js.map","1.9cda76730c110765b5f9.css","1-76aadfb7b83f4a8f9aca.js","1-76aadfb7b83f4a8f9aca.js.map","3.035a4008a20d8df27527.css","3-5e0f2cd881bf0d822afa.js","3-5e0f2cd881bf0d822afa.js.map","component---src-pages-nutrition-js-b219e9d9a337172a93ef.js","component---src-pages-nutrition-js-b219e9d9a337172a93ef.js.map"],"children":{},"childAssets":{}},"component---src-pages-schedule-js":{"chunks":[0,1,16,12],"assets":["0-68e99ef0cc28d17376eb.js","0-68e99ef0cc28d17376eb.js.map","1.9cda76730c110765b5f9.css","1-76aadfb7b83f4a8f9aca.js","1-76aadfb7b83f4a8f9aca.js.map","16-be7167660f93df4c1092.js","16-be7167660f93df4c1092.js.map","component---src-pages-schedule-js.71254a68b1d428d5d884.css","component---src-pages-schedule-js-885e54cb634070526766.js","component---src-pages-schedule-js-885e54cb634070526766.js.map"],"children":{},"childAssets":{}},"component---src-pages-seminars-js":{"chunks":[0,1,2,3,13],"assets":["0-68e99ef0cc28d17376eb.js","0-68e99ef0cc28d17376eb.js.map","1.9cda76730c110765b5f9.css","1-76aadfb7b83f4a8f9aca.js","1-76aadfb7b83f4a8f9aca.js.map","2-57db758b9c2ae93e19e9.js","2-57db758b9c2ae93e19e9.js.map","3.035a4008a20d8df27527.css","3-5e0f2cd881bf0d822afa.js","3-5e0f2cd881bf0d822afa.js.map","component---src-pages-seminars-js.d4649ee53743d9360ab9.css","component---src-pages-seminars-js-72bc294a3ebba7d42811.js","component---src-pages-seminars-js-72bc294a3ebba7d42811.js.map"],"children":{},"childAssets":{}},"component---src-pages-training-js":{"chunks":[0,1,3,14],"assets":["0-68e99ef0cc28d17376eb.js","0-68e99ef0cc28d17376eb.js.map","1.9cda76730c110765b5f9.css","1-76aadfb7b83f4a8f9aca.js","1-76aadfb7b83f4a8f9aca.js.map","3.035a4008a20d8df27527.css","3-5e0f2cd881bf0d822afa.js","3-5e0f2cd881bf0d822afa.js.map","component---src-pages-training-js-65bf40e2c2e43fdda126.js","component---src-pages-training-js-65bf40e2c2e43fdda126.js.map"],"children":{},"childAssets":{}}},"assetsByChunkName":{"app":["webpack-runtime-89b3e9f21c8bd032ca33.js","app-8e3d2f572784382e635f.js"],"component---src-pages-404-js":["0-68e99ef0cc28d17376eb.js","2-57db758b9c2ae93e19e9.js","component---src-pages-404-js.eee17083ab737b607497.css","component---src-pages-404-js-ed2d0bcbd8312804a400.js"],"component---src-pages-blog-js":["0-68e99ef0cc28d17376eb.js","1.9cda76730c110765b5f9.css","1-76aadfb7b83f4a8f9aca.js","component---src-pages-blog-js.b09c8c9e79364f2813dc.css","component---src-pages-blog-js-6fde376a882c3644f89a.js"],"component---src-pages-crossfit-js":["0-68e99ef0cc28d17376eb.js","1.9cda76730c110765b5f9.css","1-76aadfb7b83f4a8f9aca.js","2-57db758b9c2ae93e19e9.js","4.4132558ebab16cf267e8.css","4-98f3ee9248b6a6e88417.js","component---src-pages-crossfit-js.f1a633b902a6418828a0.css","component---src-pages-crossfit-js-be3a2cb8ea9b87c166ef.js"],"component---src-pages-get-started-js":["0-68e99ef0cc28d17376eb.js","1.9cda76730c110765b5f9.css","1-76aadfb7b83f4a8f9aca.js","4.4132558ebab16cf267e8.css","4-98f3ee9248b6a6e88417.js","component---src-pages-get-started-js.cbf122885cbce3cdd49b.css","component---src-pages-get-started-js-dbda7ac8b51990e42c8d.js"],"component---src-pages-index-js":["0-68e99ef0cc28d17376eb.js","1.9cda76730c110765b5f9.css","1-76aadfb7b83f4a8f9aca.js","2-57db758b9c2ae93e19e9.js","4.4132558ebab16cf267e8.css","4-98f3ee9248b6a6e88417.js","component---src-pages-index-js.56c7dff4354b52f85371.css","component---src-pages-index-js-deefaf4a147222ed4e98.js"],"component---src-pages-nutrition-js":["0-68e99ef0cc28d17376eb.js","1.9cda76730c110765b5f9.css","1-76aadfb7b83f4a8f9aca.js","3.035a4008a20d8df27527.css","3-5e0f2cd881bf0d822afa.js","component---src-pages-nutrition-js-b219e9d9a337172a93ef.js"],"component---src-pages-schedule-js":["0-68e99ef0cc28d17376eb.js","1.9cda76730c110765b5f9.css","1-76aadfb7b83f4a8f9aca.js","16-be7167660f93df4c1092.js","component---src-pages-schedule-js.71254a68b1d428d5d884.css","component---src-pages-schedule-js-885e54cb634070526766.js"],"component---src-pages-seminars-js":["0-68e99ef0cc28d17376eb.js","1.9cda76730c110765b5f9.css","1-76aadfb7b83f4a8f9aca.js","2-57db758b9c2ae93e19e9.js","3.035a4008a20d8df27527.css","3-5e0f2cd881bf0d822afa.js","component---src-pages-seminars-js.d4649ee53743d9360ab9.css","component---src-pages-seminars-js-72bc294a3ebba7d42811.js"],"component---src-pages-training-js":["0-68e99ef0cc28d17376eb.js","1.9cda76730c110765b5f9.css","1-76aadfb7b83f4a8f9aca.js","3.035a4008a20d8df27527.css","3-5e0f2cd881bf0d822afa.js","component---src-pages-training-js-65bf40e2c2e43fdda126.js"]}}